,0,1,2,3
0,0.8938908576965332,-8.590868674218655e-05,6.849348545074463,0.31703072786331177
1,0.7915496826171875,1.3079261407256126e-05,6.689518928527832,0.16542798280715942
2,0.856471061706543,1.2799864634871483e-05,6.703829765319824,0.2005397081375122
3,0.9353995323181152,1.3620592653751373e-05,6.63454532623291,0.15919697284698486
4,0.8172154426574707,1.316075213253498e-05,6.3516435623168945,0.2535843551158905
5,0.9032130241394043,1.3952376320958138e-05,6.679993629455566,-0.07429566234350204
6,0.9025216102600098,1.3969838619232178e-05,6.733107566833496,0.4824278950691223
7,0.8006691932678223,1.3783574104309082e-05,6.5659403800964355,0.3329958915710449
8,0.8501052856445312,1.3568205758929253e-05,6.84962272644043,0.4039818346500397
9,0.9029030799865723,1.3364478945732117e-05,6.775975227355957,0.26561814546585083
10,0.8023381233215332,1.3347016647458076e-05,6.649422645568848,0.09487965703010559
11,0.8936285972595215,1.41095370054245e-05,6.662380695343018,0.04597029834985733
12,0.9021401405334473,1.387670636177063e-05,6.714367866516113,0.04597029834985733
13,0.9051203727722168,1.30385160446167e-05,6.698245048522949,0.6091113686561584
14,0.9186863899230957,1.3364478945732117e-05,6.693410873413086,0.6422117948532104
15,0.809776782989502,1.1717202141880989e-05,6.710380554199219,-0.10216949135065079
16,0.832819938659668,1.3632234185934067e-05,6.542551517486572,0.22822804749011993
17,0.8962631225585938,1.4010583981871605e-05,6.422752380371094,-0.05690906196832657
18,0.93536376953125,1.3533281162381172e-05,6.731039047241211,-0.0038975465577095747
19,0.9288787841796875,1.285807229578495e-05,6.701564788818359,-0.0038975465577095747
20,0.8776068687438965,1.3335375115275383e-05,6.812232971191406,0.02972189523279667
21,0.7905960083007812,1.3556564226746559e-05,6.3728928565979,-0.2640911042690277
22,0.8087158203125,1.305597834289074e-05,6.558042526245117,0.1645103543996811
23,0.8166074752807617,1.3370299711823463e-05,6.628227233886719,-0.22516107559204102
24,0.824582576751709,1.3550743460655212e-05,6.525140762329102,-0.19510312378406525
25,0.790870189666748,1.3737007975578308e-05,6.383151054382324,-0.3368699848651886
26,0.8114933967590332,1.3131648302078247e-05,6.372576713562012,0.05952375382184982
27,0.8745193481445312,1.2724194675683975e-05,6.823783874511719,-0.07102133333683014
28,0.7763266563415527,1.4062970876693726e-05,6.355613708496094,-0.07102133333683014
29,0.8517861366271973,1.446460373699665e-05,6.426816940307617,-0.15951025485992432
30,0.8460640907287598,1.3463431969285011e-05,6.441962718963623,-0.09794995188713074
31,0.8549094200134277,1.341104507446289e-05,6.726461410522461,-0.11981602013111115
32,0.9229660034179688,1.3702083379030228e-05,6.711727142333984,0.1215985044836998
33,0.8466243743896484,1.232256181538105e-05,6.534510612487793,0.1215985044836998
34,0.881350040435791,1.4062970876693726e-05,6.67424201965332,-0.07631947845220566
35,0.790560245513916,1.3253884389996529e-05,6.457972526550293,0.17399536073207855
36,0.8266091346740723,1.2759119272232056e-05,6.368321418762207,-0.15652701258659363
37,0.8219480514526367,1.2043165042996407e-05,6.488853454589844,-0.15652701258659363
38,0.8663654327392578,9.71485860645771e-06,6.451523303985596,-0.11984829604625702
39,0.837552547454834,1.0663643479347229e-05,6.3829779624938965,-0.2340863198041916
40,0.8956432342529297,1.2473901733756065e-05,6.5854668617248535,0.053064800798892975
41,0.9357452392578125,1.387670636177063e-05,6.797904014587402,0.4554629921913147
42,0.8631110191345215,1.2596137821674347e-05,6.439823150634766,0.4554629921913147
43,0.8400440216064453,1.2008240446448326e-05,6.48806095123291,0.3036070168018341
44,0.935518741607666,1.2927921488881111e-05,6.882434844970703,0.20628571510314941
45,0.7852911949157715,1.3445969671010971e-05,6.422924995422363,-0.27330344915390015
46,0.921022891998291,1.4342367649078369e-05,6.882065773010254,-0.27330344915390015
47,0.9229660034179688,1.3381941244006157e-05,6.686824798583984,0.515758216381073
48,0.7836222648620605,1.314328983426094e-05,6.593000888824463,0.515758216381073
49,0.8705854415893555,1.2974487617611885e-05,6.479459762573242,-0.12929390370845795
50,0.8635640144348145,1.2631062418222427e-05,6.824374198913574,-0.0775296688079834
51,0.8015871047973633,1.3207318261265755e-05,6.503671646118164,-0.0775296688079834
52,0.9194612503051758,1.3521639630198479e-05,6.621509552001953,0.022961020469665527
53,0.7898330688476562,1.2526288628578186e-05,6.598597526550293,0.022961020469665527
54,0.9055376052856445,1.36613380163908e-05,6.631511688232422,-0.08489659428596497
55,0.9105682373046875,1.3638054952025414e-05,6.770455837249756,0.5381621718406677
56,0.9122133255004883,1.3149110600352287e-05,6.787073612213135,0.10753791034221649
57,0.803375244140625,1.3597309589385986e-05,6.575340270996094,-0.23862707614898682
58,0.8153915405273438,1.4383113011717796e-05,6.411618232727051,-0.03441869467496872
59,0.9076356887817383,1.4452962204813957e-05,6.652909278869629,0.43936657905578613
60,0.8630752563476562,1.4744000509381294e-05,6.584477424621582,-0.17732703685760498
61,0.8048295974731445,1.4516990631818771e-05,6.608211994171143,-0.17732703685760498
62,0.9330391883850098,1.2869713827967644e-05,6.428360939025879,-0.02480888180434704
63,0.9043097496032715,1.394655555486679e-05,6.644439697265625,0.5209540128707886
64,0.922548770904541,1.4540273696184158e-05,6.5912604331970215,0.06794609129428864
65,0.7909774780273438,1.4482066035270691e-05,6.488603591918945,-0.18986770510673523
66,0.8175253868103027,1.309090293943882e-05,6.708133220672607,-0.06681756675243378
67,0.7741570472717285,1.3771932572126389e-05,6.553464889526367,-0.03302397578954697
68,0.8784770965576172,1.2025702744722366e-05,6.531643867492676,-0.15272562205791473
69,0.843048095703125,1.335865817964077e-05,6.653022766113281,0.1879710853099823
70,0.8846282958984375,1.1728843674063683e-05,6.6739678382873535,0.25939780473709106
71,0.8734941482543945,1.334119588136673e-05,6.524050235748291,-0.08323129266500473
72,0.8183717727661133,1.180451363325119e-05,6.821560859680176,0.1270226240158081
73,0.812530517578125,1.3061799108982086e-05,6.451702117919922,0.1270226240158081
74,0.908207893371582,1.4685792848467827e-05,6.636917591094971,0.07755774259567261
75,0.9159564971923828,1.3457611203193665e-05,6.728148460388184,-0.02521946094930172
76,0.9070277214050293,1.3713724911212921e-05,6.785178184509277,-0.02521946094930172
77,0.779116153717041,1.3120006769895554e-05,6.498920917510986,0.8343676328659058
78,0.935518741607666,1.4039687812328339e-05,6.771492958068848,0.07261993736028671
79,0.8242368698120117,1.4307443052530289e-05,6.428003311157227,0.07261993736028671
80,0.9029388427734375,1.1909287422895432e-05,6.770854949951172,0.007653620094060898
81,0.7805228233337402,1.3899989426136017e-05,6.712490081787109,0.007653620094060898
82,0.882875919342041,1.2281816452741623e-05,6.462705135345459,-0.0010717317927628756
83,0.8560538291931152,1.3504177331924438e-05,6.464052200317383,-0.050052620470523834
84,0.8096694946289062,1.1065276339650154e-05,6.4215240478515625,-0.050052620470523834
85,0.816953182220459,1.4022225514054298e-05,6.460613250732422,0.23421116173267365
86,0.9148478507995605,1.3213139027357101e-05,6.573736667633057,-0.009267907589673996
87,0.8089423179626465,1.3725366443395615e-05,6.630963325500488,-0.010542218573391438
88,0.8702874183654785,1.3964017853140831e-05,6.493747234344482,0.2939301133155823
89,0.8872270584106445,1.3748649507761002e-05,6.814444065093994,0.2939301133155823
90,0.8603215217590332,1.3888347893953323e-05,6.798684597015381,0.2871188521385193
91,0.871431827545166,1.4301622286438942e-05,6.500148773193359,0.2871188521385193
92,0.8122682571411133,1.4621764421463013e-05,6.617677211761475,-0.15904654562473297
93,0.8481621742248535,1.3544922694563866e-05,6.750154495239258,0.24222643673419952
94,0.846099853515625,1.3742828741669655e-05,6.589758396148682,0.24222643673419952
95,0.7759451866149902,1.232256181538105e-05,6.573796272277832,-0.2602464258670807
96,0.7924675941467285,1.394655555486679e-05,6.8244218826293945,-0.23394885659217834
97,0.8541464805603027,1.3655517250299454e-05,6.741231918334961,-0.040993403643369675
98,0.8084893226623535,1.278822310268879e-05,6.536883354187012,0.23305849730968475
99,0.8469343185424805,1.3003591448068619e-05,6.443720817565918,-0.10812952369451523
100,0.9250283241271973,1.3207318261265755e-05,6.686139106750488,0.5214039087295532
101,0.7787346839904785,1.2986129149794579e-05,6.518608093261719,-0.22855162620544434
102,0.7799148559570312,1.4033867046236992e-05,6.58794641494751,-0.1780175268650055
103,0.8926749229431152,1.4493707567453384e-05,6.618290901184082,-0.009724678471684456
104,0.9186983108520508,1.389416866004467e-05,6.811732292175293,0.12372982501983643
105,0.8940577507019043,1.330627128481865e-05,6.938189506530762,0.425029456615448
106,0.8617758750915527,1.4045508578419685e-05,6.559383869171143,0.12029172480106354
107,0.8916139602661133,1.3498356565833092e-05,6.619721412658691,-0.024776529520750046
108,0.842738151550293,1.3533281162381172e-05,6.42625093460083,-0.17271625995635986
109,0.926971435546875,1.3026874512434006e-05,6.837123870849609,-0.17271625995635986
110,0.8544206619262695,1.4156103134155273e-05,6.723332405090332,-0.0964551568031311
111,0.9206771850585938,1.3766111806035042e-05,6.631684303283691,-0.05331616476178169
112,0.843048095703125,1.3847602531313896e-05,6.518220901489258,-0.10103108733892441
113,0.8024215698242188,1.3277167454361916e-05,6.600236892700195,0.10429570823907852
114,0.922548770904541,1.2636883184313774e-05,6.464791297912598,0.06789553165435791
115,0.888669490814209,1.3969838619232178e-05,6.442153453826904,0.06789553165435791
116,0.822293758392334,1.4470424503087997e-05,6.747162342071533,0.49298006296157837
117,0.9151458740234375,1.4278339222073555e-05,6.634259223937988,0.11291146278381348
118,0.8901238441467285,1.3114186003804207e-05,6.4261674880981445,0.19694116711616516
119,0.777435302734375,1.2974487617611885e-05,6.502228736877441,-0.03820979595184326
120,0.882112979888916,1.3504177331924438e-05,6.688385963439941,0.3676350712776184
121,0.9061098098754883,1.4551915228366852e-05,6.450867652893066,0.33437252044677734
122,0.9354352951049805,1.4156103134155273e-05,6.686347961425781,0.15529124438762665
123,0.8007407188415527,1.4016404747962952e-05,6.692605972290039,0.19606593251228333
124,0.936734676361084,1.387670636177063e-05,6.834864616394043,0.1864575892686844
125,0.8935213088989258,1.3987300917506218e-05,6.596887111663818,0.1864575892686844
126,0.9296417236328125,1.387670636177063e-05,6.518149375915527,0.06636609882116318
127,0.8037567138671875,1.3347016647458076e-05,6.645786762237549,0.18476395308971405
128,0.8293509483337402,1.3085082173347473e-05,6.565952301025391,0.1866060197353363
129,0.8252263069152832,1.3399403542280197e-05,6.653064727783203,0.30725425481796265
130,0.8245468139648438,1.3085082173347473e-05,6.468886375427246,-0.15639129281044006
131,0.8460640907287598,1.4720717445015907e-05,6.444555282592773,-0.11619029194116592
132,0.892329216003418,1.3597309589385986e-05,6.571441650390625,-0.03859756141901016
133,0.8818864822387695,1.3952376320958138e-05,6.706005096435547,0.1529039591550827
134,0.7870078086853027,1.3405224308371544e-05,6.735813617706299,0.1722705364227295
135,0.785374641418457,1.3364478945732117e-05,6.853055953979492,0.11620457470417023
136,0.8535385131835938,1.409207470715046e-05,6.840085983276367,0.31609204411506653
137,0.906217098236084,1.307344064116478e-05,6.835639476776123,0.31609204411506653
138,0.7817506790161133,1.4534452930092812e-05,6.51267147064209,0.5235609412193298
139,0.9020209312438965,1.3981480151414871e-05,6.616091728210449,0.5541542768478394
140,0.9316325187683105,1.1146767064929008e-05,6.605863571166992,0.5970009565353394
141,0.7956743240356445,1.3195676729083061e-05,6.594342231750488,0.7582708597183228
142,0.8754730224609375,1.3969838619232178e-05,6.6960930824279785,0.2624832093715668
143,0.81787109375,1.2450618669390678e-05,6.3964128494262695,-0.19211292266845703
144,0.897371768951416,1.2543750926852226e-05,6.561964988708496,0.04935202747583389
145,0.922846794128418,1.3969838619232178e-05,6.626457214355469,-0.009127774275839329
146,0.793910026550293,1.3509998098015785e-05,6.378388404846191,-0.29651927947998047
147,0.9172797203063965,1.2479722499847412e-05,6.639486312866211,0.07860532402992249
148,0.8326292037963867,1.278822310268879e-05,6.596517562866211,0.16489282250404358
149,0.9377241134643555,1.392909325659275e-05,6.834012031555176,0.6172665357589722
150,0.9031772613525391,1.1664815247058868e-05,6.819021701812744,0.3397177457809448
151,0.8401036262512207,1.2654345482587814e-05,6.661379337310791,-0.04041757062077522
152,0.9091615676879883,1.3539101928472519e-05,6.678718566894531,-0.04041757062077522
153,0.915372371673584,1.3498356565833092e-05,6.4855756759643555,-0.11146781593561172
154,0.939023494720459,1.201988197863102e-05,6.547057628631592,0.48414865136146545
155,0.8632302284240723,1.1984957382082939e-05,6.359857559204102,0.3113600015640259
156,0.886225700378418,1.3288808986544609e-05,6.43385648727417,0.1241147369146347
157,0.9343266487121582,1.2048985809087753e-05,6.872028350830078,0.08206996321678162
158,0.9044647216796875,1.3940734788775444e-05,6.759500503540039,0.10150565952062607
159,0.791478157043457,1.4522811397910118e-05,6.630384922027588,-0.29041120409965515
160,0.7805585861206055,1.3370299711823463e-05,6.740718841552734,0.10887811332941055
161,0.9256720542907715,1.4045508578419685e-05,6.7182722091674805,0.07484419643878937
162,0.8418679237365723,1.4342367649078369e-05,6.701129913330078,0.12118743360042572
163,0.8919954299926758,1.4540273696184158e-05,6.525212287902832,0.12118743360042572
164,0.892794132232666,1.4051329344511032e-05,6.5661725997924805,0.0007341444725170732
165,0.8123397827148438,1.360895112156868e-05,6.7035675048828125,0.0007341444725170732
166,0.8582711219787598,1.3515818864107132e-05,6.491893768310547,-0.06231275945901871
167,0.8369088172912598,1.4260876923799515e-05,6.608366966247559,-0.06231275945901871
168,0.8417129516601562,1.1781230568885803e-05,6.752449035644531,0.32524195313453674
169,0.7905125617980957,1.4028046280145645e-05,6.666082382202148,0.2675488591194153
170,0.933527946472168,1.4511169865727425e-05,6.895798683166504,0.44163092970848083
171,0.858306884765625,1.3347016647458076e-05,6.579911708831787,0.40129977464675903
172,0.8840560913085938,1.2636883184313774e-05,6.791257858276367,0.3843521773815155
173,0.9155631065368652,1.3748649507761002e-05,6.5706071853637695,0.018479881808161736
174,0.9310126304626465,1.3242242857813835e-05,6.830388069152832,0.213021919131279
175,0.8730649948120117,1.3969838619232178e-05,6.686038017272949,0.036825213581323624
176,0.7893800735473633,1.3387762010097504e-05,6.3983917236328125,0.036825213581323624
177,0.8810877799987793,1.3969838619232178e-05,6.820547580718994,-0.03145645186305046
178,0.9112954139709473,1.385924406349659e-05,6.576502323150635,0.26943621039390564
179,0.8438587188720703,1.341104507446289e-05,6.844610214233398,0.26943621039390564
180,0.8235931396484375,1.3399403542280197e-05,6.462574005126953,0.29615122079849243
181,0.78277587890625,1.257285475730896e-05,6.438797950744629,-0.18926551938056946
182,0.8323311805725098,1.332373358309269e-05,6.697964668273926,0.15094396471977234
183,0.8396506309509277,1.3958197087049484e-05,6.453299522399902,0.31365230679512024
184,0.911104679107666,1.359148882329464e-05,6.644654273986816,0.31365230679512024
185,0.9185433387756348,1.4540273696184158e-05,6.686878204345703,0.9087775945663452
186,0.9316205978393555,1.3288808986544609e-05,6.415915489196777,0.07204289734363556
187,0.870060920715332,1.3335375115275383e-05,6.475651264190674,-0.10554560273885727
188,0.8781075477600098,1.3597309589385986e-05,6.849181652069092,0.40849390625953674
189,0.8356451988220215,1.332373358309269e-05,6.513815879821777,-0.08757810294628143
190,0.8353114128112793,1.1950032785534859e-05,6.572878360748291,-0.1517038196325302
191,0.8544206619262695,1.3737007975578308e-05,6.642752647399902,-0.06365177780389786
192,0.7984519004821777,1.4482066035270691e-05,6.62076473236084,-0.20707181096076965
193,0.9191989898681641,1.2043165042996407e-05,6.7691802978515625,0.06308246403932571
194,0.8728384971618652,1.1891825124621391e-05,6.805926322937012,0.4915775656700134
195,0.882112979888916,1.3870885595679283e-05,6.843381881713867,0.4915775656700134
196,0.7962346076965332,1.3603130355477333e-05,6.4974365234375,0.0966334193944931
197,0.8194684982299805,1.4551915228366852e-05,6.51065731048584,0.0966334193944931
198,0.8110404014587402,1.3224780559539795e-05,6.638574600219727,-0.131792813539505
199,0.813138484954834,1.3539101928472519e-05,6.550407409667969,0.2692205607891083
200,0.9054183959960938,1.3207318261265755e-05,6.904787063598633,0.2692205607891083
201,0.8923768997192383,1.3649696484208107e-05,6.519502639770508,0.3540712296962738
202,0.8535027503967285,1.4342367649078369e-05,6.633627414703369,-0.1887524127960205
203,0.7790803909301758,1.3230601325631142e-05,6.322872638702393,-0.27568331360816956
204,0.7997870445251465,1.3509998098015785e-05,6.452298164367676,0.08485816419124603
205,0.815427303314209,1.4458782970905304e-05,6.5500617027282715,0.07156123965978622
206,0.8849382400512695,1.359148882329464e-05,6.521529197692871,-0.06351635605096817
207,0.8462905883789062,1.362641341984272e-05,6.531578063964844,-0.19658879935741425
208,0.8034825325012207,1.3865064829587936e-05,6.54071569442749,-0.17065830528736115
209,0.895535945892334,1.2450618669390678e-05,6.5424323081970215,-0.0009691974264569581
210,0.8257269859313965,1.309090293943882e-05,6.7071380615234375,0.22840532660484314
211,0.8773446083068848,1.3783574104309082e-05,6.489986419677734,-0.031001567840576172
212,0.8618950843811035,1.4004763215780258e-05,6.553167343139648,-0.031001567840576172
213,0.872194766998291,1.4097895473241806e-05,6.316709518432617,-0.05238199234008789
214,0.8817315101623535,1.3550743460655212e-05,6.59252405166626,-0.05238199234008789
215,0.7841944694519043,1.3806857168674469e-05,6.59208869934082,-0.1961604356765747
216,0.8816957473754883,1.3492535799741745e-05,6.415319442749023,0.32130178809165955
217,0.8562803268432617,1.3061799108982086e-05,6.382351875305176,-0.19513678550720215
218,0.8664727210998535,1.3224780559539795e-05,6.458968162536621,0.3339211046695709
219,0.7899045944213867,1.3457611203193665e-05,6.525897979736328,-0.2756820321083069
220,0.8901238441467285,1.4062970876693726e-05,6.69991397857666,0.2935895323753357
221,0.8104324340820312,1.2724194675683975e-05,6.7310991287231445,-0.2511304020881653
222,0.8390426635742188,1.4272518455982208e-05,6.458884239196777,0.29407641291618347
223,0.8832573890686035,1.4208490028977394e-05,6.890666484832764,0.29407641291618347
224,0.9386897087097168,1.3445969671010971e-05,6.9305419921875,0.23643691837787628
225,0.8012294769287109,1.2759119272232056e-05,6.6568732261657715,0.23643691837787628
226,0.7913589477539062,1.337612047791481e-05,6.452775001525879,0.006713639944791794
227,0.8317112922668457,1.4004763215780258e-05,6.559693813323975,0.006713639944791794
228,0.8840203285217285,1.384178176522255e-05,6.674080848693848,-0.07049280405044556
229,0.9060263633728027,1.2730015441775322e-05,6.654924392700195,0.40280213952064514
230,0.8425116539001465,1.3882527127861977e-05,6.336503982543945,0.40280213952064514
231,0.8486628532409668,1.2293457984924316e-05,6.733536720275879,-0.009521042928099632
232,0.7955193519592285,1.4528632164001465e-05,6.412285804748535,-0.06471662223339081
233,0.8922934532165527,1.439475454390049e-05,6.4125895500183105,0.1054145097732544
234,0.8716583251953125,1.3277167454361916e-05,6.75528621673584,0.15432195365428925
235,0.7965445518493652,1.2962846085429192e-05,6.560015678405762,0.1891545206308365
236,0.8180618286132812,1.2747477740049362e-05,6.797420978546143,0.17764556407928467
237,0.8066534996032715,1.3347016647458076e-05,6.616997718811035,0.12802943587303162
238,0.8074522018432617,1.3888347893953323e-05,6.6771087646484375,0.20733177661895752
239,0.862574577331543,1.2549571692943573e-05,6.62403678894043,-0.09577882289886475
240,0.9290695190429688,1.3847602531313896e-05,6.619012355804443,0.06379233300685883
241,0.9003758430480957,1.3242242857813835e-05,6.415724754333496,0.003408201737329364
242,0.8521318435668945,1.2980308383703232e-05,6.737875938415527,-0.0212112870067358
243,0.8542180061340332,1.4057150110602379e-05,6.74918270111084,0.22154267132282257
244,0.8764266967773438,1.3102544471621513e-05,6.622958183288574,-0.08307602256536484
245,0.8661270141601562,1.3195676729083061e-05,6.741082668304443,-0.013818408362567425
246,0.787806510925293,1.341104507446289e-05,6.554454803466797,0.03040257655084133
247,0.7964372634887695,1.446460373699665e-05,6.464963912963867,-0.19004687666893005
248,0.806117057800293,1.1996598914265633e-05,6.732773780822754,-0.19004687666893005
249,0.8141636848449707,1.3253884389996529e-05,6.552654266357422,0.0743483230471611
250,0.8800506591796875,1.3288808986544609e-05,6.802666187286377,0.0743483230471611
251,0.9256362915039062,1.337612047791481e-05,6.587475776672363,0.107871413230896
252,0.9352564811706543,1.3754470273852348e-05,6.517213821411133,0.07855969667434692
253,0.9282708168029785,1.2741656973958015e-05,6.871294975280762,0.07533866912126541
254,0.8330106735229492,1.3248063623905182e-05,6.842905044555664,0.07533866912126541
255,0.8386611938476562,1.3248063623905182e-05,6.710773468017578,0.6060529947280884
256,0.935673713684082,1.2526288628578186e-05,6.6732587814331055,0.04749879613518715
257,0.7951021194458008,1.2619420886039734e-05,6.457710266113281,-0.04643838852643967
258,0.8027195930480957,1.3719545677304268e-05,6.638068199157715,-0.1450081765651703
259,0.9308576583862305,1.3178214430809021e-05,6.593847274780273,0.06642543524503708
260,0.7915139198303223,1.2619420886039734e-05,6.825142860412598,-0.2416633814573288
261,0.9270071983337402,1.3457611203193665e-05,6.723361968994141,0.34264665842056274
262,0.8364081382751465,1.3940734788775444e-05,6.323760986328125,-0.17921289801597595
263,0.8311867713928223,1.3777753338217735e-05,6.656372547149658,0.2762961685657501
264,0.915372371673584,1.1973315849900246e-05,6.866133213043213,0.39974600076675415
265,0.8245468139648438,1.3352837413549423e-05,6.75526237487793,0.09211145341396332
266,0.831449031829834,1.4540273696184158e-05,6.7409515380859375,-0.09233780205249786
267,0.7819294929504395,1.2863893061876297e-05,6.3037214279174805,0.014289257116615772
268,0.8655548095703125,1.3672979548573494e-05,6.470882892608643,0.2618374526500702
269,0.8236289024353027,1.3795215636491776e-05,6.732922554016113,0.2618374526500702
270,0.8799314498901367,1.341104507446289e-05,6.857413291931152,0.07518972456455231
271,0.877690315246582,1.3166572898626328e-05,6.461548805236816,0.36843276023864746
272,0.807797908782959,1.3475073501467705e-05,6.413578987121582,-0.16088005900382996
273,0.9338021278381348,1.421431079506874e-05,6.590425968170166,0.09960000216960907
274,0.8486628532409668,1.1955853551626205e-05,6.594639778137207,0.09960000216960907
275,0.9088516235351562,1.2485543265938759e-05,6.53536319732666,0.1635150909423828
276,0.9057521820068359,1.3213139027357101e-05,6.787472724914551,0.08630809187889099
277,0.803983211517334,1.3120006769895554e-05,6.710672378540039,-0.11567707359790802
278,0.927424430847168,1.392909325659275e-05,6.713056564331055,0.12512119114398956
279,0.8174896240234375,1.3428507372736931e-05,6.686067581176758,-0.09131965786218643
280,0.913238525390625,1.310836523771286e-05,6.438875198364258,0.42421644926071167
281,0.8257269859313965,1.3236422091722488e-05,6.625753402709961,-0.1878814399242401
282,0.9063720703125,1.4493707567453384e-05,6.7961812019348145,0.4179360866546631
283,0.917506217956543,1.3067619875073433e-05,6.514227390289307,0.06590018421411514
284,0.8797407150268555,1.339358277618885e-05,6.717479228973389,-0.020711008459329605
285,0.8107423782348633,1.2962846085429192e-05,6.491219997406006,-0.020711008459329605
286,0.7819652557373047,1.3370299711823463e-05,6.367164611816406,0.10143207013607025
287,0.813746452331543,1.360895112156868e-05,6.572723388671875,-0.1929553598165512
288,0.8446455001831055,1.4260876923799515e-05,6.3795623779296875,-0.19519267976284027
289,0.844573974609375,1.4546094462275505e-05,6.610572338104248,0.2992538809776306
290,0.889742374420166,1.1723022907972336e-05,6.614851951599121,0.01544065959751606
291,0.8520841598510742,1.3422686606645584e-05,6.54371976852417,-0.08589241653680801
292,0.8250832557678223,1.3847602531313896e-05,6.655531883239746,0.02740081027150154
293,0.8155465126037598,1.4400575309991837e-05,6.796950340270996,0.32705157995224
294,0.8400678634643555,1.3265525922179222e-05,6.3734235763549805,0.1250331699848175
295,0.9111881256103516,1.0879011824727058e-05,6.867575645446777,0.1250331699848175
296,0.9273171424865723,1.3597309589385986e-05,6.785869598388672,0.5064098238945007
297,0.9157180786132812,1.4435499906539917e-05,6.634509563446045,0.11415554583072662
298,0.884556770324707,1.3550743460655212e-05,6.475466728210449,-0.09837626665830612
299,0.8880138397216797,1.278822310268879e-05,6.653576850891113,-0.09837626665830612
300,0.7966160774230957,1.4744000509381294e-05,6.698060035705566,0.501397967338562
301,0.916290283203125,1.3364478945732117e-05,6.676941871643066,0.11661221086978912
302,0.9228110313415527,1.1740485206246376e-05,6.765151023864746,0.10408911854028702
303,0.8601784706115723,1.3684621080756187e-05,6.52385950088501,-0.10598708689212799
304,0.8874893188476562,1.3189855962991714e-05,6.720465660095215,-0.0224771611392498
305,0.862574577331543,1.3003591448068619e-05,6.5008344650268555,0.22459058463573456
306,0.8434295654296875,1.3137469068169594e-05,6.346506118774414,-0.14482200145721436
307,0.866091251373291,1.3981480151414871e-05,6.504333019256592,0.32327336072921753
308,0.8760452270507812,1.3969838619232178e-05,6.685614585876465,0.019828755408525467
309,0.8392333984375,1.3504177331924438e-05,6.353580951690674,0.019828755408525467
310,0.8365273475646973,1.3166572898626328e-05,6.639564037322998,-0.07973617315292358
311,0.8620500564575195,1.3585668057203293e-05,6.621843338012695,-0.07852809131145477
312,0.926661491394043,1.3061799108982086e-05,6.6964921951293945,0.4594818949699402
313,0.8864283561706543,1.3568205758929253e-05,6.777811050415039,0.3829069137573242
314,0.9296059608459473,1.3096723705530167e-05,6.846332550048828,0.38237735629081726
315,0.788426399230957,1.339358277618885e-05,6.819272041320801,0.38237735629081726
316,0.8254289627075195,1.4505349099636078e-05,6.613177299499512,0.23587258160114288
317,0.877225399017334,1.31258275359869e-05,6.782805919647217,0.4036984443664551
318,0.870966911315918,1.3585668057203293e-05,6.653481483459473,0.4036984443664551
319,0.8255362510681152,1.35740265250206e-05,6.5541863441467285,0.30349212884902954
320,0.8240461349487305,1.4557735994458199e-05,6.847495079040527,0.30349212884902954
321,0.9366989135742188,1.3352837413549423e-05,6.850809097290039,0.4137762188911438
322,0.7860183715820312,1.4028046280145645e-05,6.471753120422363,0.17394423484802246
323,0.9286165237426758,1.3620592653751373e-05,6.831526756286621,0.17394423484802246
324,0.91705322265625,1.337612047791481e-05,6.543702125549316,0.37414637207984924
325,0.8874893188476562,1.3300450518727303e-05,6.753211975097656,0.3274180591106415
326,0.8832216262817383,1.3003591448068619e-05,6.507241725921631,0.3037843108177185
327,0.9316205978393555,1.3317912817001343e-05,6.739664077758789,0.46867799758911133
328,0.861811637878418,1.3975659385323524e-05,6.692629814147949,0.46867799758911133
329,0.7970809936523438,1.3253884389996529e-05,6.7978620529174805,0.12797696888446808
330,0.8417129516601562,1.3137469068169594e-05,6.653380393981934,0.1303999274969101
331,0.822138786315918,1.3585668057203293e-05,6.6753387451171875,-0.1875072866678238
332,0.8725285530090332,1.2974487617611885e-05,6.786978244781494,-0.1875072866678238
333,0.7953643798828125,1.2293457984924316e-05,6.6251220703125,-0.24799004197120667
334,0.8174538612365723,1.1647352948784828e-05,6.656557083129883,-0.24799004197120667
335,0.7875800132751465,1.2526288628578186e-05,6.516671180725098,-0.21315082907676697
336,0.7989048957824707,1.284060999751091e-05,6.566363334655762,-0.1855262964963913
337,0.8552908897399902,1.2759119272232056e-05,6.538921356201172,-0.04209418594837189
338,0.8661985397338867,1.2974487617611885e-05,6.548428535461426,0.22400367259979248
339,0.8175969123840332,1.4592660591006279e-05,6.570058822631836,0.13084140419960022
340,0.783240795135498,1.394655555486679e-05,6.652980804443359,0.13084140419960022
341,0.8405327796936035,1.4278339222073555e-05,6.784147262573242,-0.015469084493815899
342,0.8095622062683105,1.3568205758929253e-05,6.563830375671387,-0.13864196836948395
343,0.903773307800293,1.4470424503087997e-05,6.656414031982422,0.3710794448852539
344,0.8747100830078125,1.330627128481865e-05,6.832170486450195,0.061814624816179276
345,0.83770751953125,1.359148882329464e-05,6.675929069519043,-0.1595383882522583
346,0.914156436920166,1.3969838619232178e-05,6.488370895385742,0.06360872089862823
347,0.89874267578125,1.3515818864107132e-05,6.624513626098633,-0.0414225310087204
348,0.881505012512207,1.2462260201573372e-05,6.413167953491211,0.11166749894618988
349,0.7855534553527832,1.3853423297405243e-05,6.675100326538086,-0.2670596241950989
350,0.8036494255065918,1.3335375115275383e-05,6.500810623168945,0.06281473487615585
351,0.9361624717712402,1.3702083379030228e-05,6.810319423675537,0.06281473487615585
352,0.7984161376953125,1.3469252735376358e-05,6.757760047912598,1.0127432346343994
353,0.876307487487793,1.2974487617611885e-05,6.833249092102051,0.518022894859314
354,0.8501768112182617,1.2235250324010849e-05,6.705599784851074,0.3301360607147217
355,0.8455276489257812,1.3568205758929253e-05,6.542468070983887,0.28612324595451355
356,0.9019136428833008,1.3271346688270569e-05,6.577449798583984,0.27215325832366943
357,0.8694767951965332,1.4016404747962952e-05,6.378942489624023,-0.14278781414031982
358,0.775146484375,1.3515818864107132e-05,6.5104780197143555,-0.05497696250677109
359,0.9003520011901855,1.362641341984272e-05,6.761789321899414,-0.05497696250677109
360,0.9104132652282715,1.3364478945732117e-05,6.612730026245117,0.4712328314781189
361,0.880277156829834,1.3044336810708046e-05,6.625252723693848,-0.08738985657691956
362,0.921630859375,1.3905810192227364e-05,6.47280216217041,-1.762164720275905e-05
363,0.8933305740356445,1.3451790437102318e-05,6.833189964294434,-1.762164720275905e-05
364,0.7767200469970703,1.3556564226746559e-05,6.720060348510742,-0.22421102225780487
365,0.828397274017334,1.4045508578419685e-05,6.694215774536133,-0.22421102225780487
366,0.8000969886779785,1.3504177331924438e-05,6.334066390991211,0.08570532500743866
367,0.9189248085021973,1.3428507372736931e-05,6.4192891120910645,0.01789010502398014
368,0.8499503135681152,1.3917451724410057e-05,6.584429740905762,-0.2046896517276764
369,0.8615493774414062,1.2991949915885925e-05,6.657105445861816,0.4140508770942688
370,0.8909225463867188,1.2817326933145523e-05,6.821846961975098,-0.022526390850543976
371,0.8904218673706055,1.285807229578495e-05,6.715941429138184,0.015836190432310104
372,0.831449031829834,1.2991949915885925e-05,6.431084632873535,-0.23257362842559814
373,0.785517692565918,1.3632234185934067e-05,6.52536153793335,-0.2795412838459015
374,0.868380069732666,1.3579847291111946e-05,6.514793395996094,0.32128188014030457
375,0.9160280227661133,1.3317912817001343e-05,6.5100908279418945,0.2968498170375824
376,0.9235382080078125,1.3748649507761002e-05,6.813520431518555,0.12160757929086685
377,0.800931453704834,1.2462260201573372e-05,6.812310218811035,-0.12376835197210312
378,0.9088873863220215,1.3224780559539795e-05,6.780582427978516,-0.05716942623257637
379,0.8215665817260742,1.30385160446167e-05,6.727337837219238,0.2361433058977127
380,0.934600830078125,1.3399403542280197e-05,6.720775604248047,0.07466939091682434
381,0.8489608764648438,1.3940734788775444e-05,6.617021560668945,0.23829099535942078
382,0.8310675621032715,1.4156103134155273e-05,6.407356262207031,0.09846870601177216
383,0.7771611213684082,1.4028046280145645e-05,6.249392032623291,0.09846870601177216
384,0.774693489074707,1.3061799108982086e-05,6.498074531555176,0.27752041816711426
385,0.9032845497131348,1.3230601325631142e-05,6.553173065185547,0.07664693146944046
386,0.8500218391418457,1.3707904145121574e-05,6.695652008056641,0.24482066929340363
387,0.935971736907959,1.3044336810708046e-05,6.418460845947266,0.06148074194788933
388,0.9109139442443848,1.2706732377409935e-05,6.8393049240112305,0.06148074194788933
389,0.9059548377990723,1.2916279956698418e-05,6.836354732513428,0.48397231101989746
390,0.7791876792907715,1.3585668057203293e-05,6.248104572296143,-0.2843710780143738
391,0.8687138557434082,1.3451790437102318e-05,6.84785270690918,-0.2843710780143738
392,0.777590274810791,1.385924406349659e-05,6.588488578796387,-0.1889522820711136
393,0.8347749710083008,1.3649696484208107e-05,6.678760051727295,-0.1837889403104782
394,0.9262919425964355,1.2497184798121452e-05,6.706047058105469,-0.1837889403104782
395,0.9182333946228027,1.1845258995890617e-05,6.780481338500977,-0.037421297281980515
396,0.894474983215332,1.3993121683597565e-05,6.733733177185059,0.08362017571926117
397,0.8863091468811035,1.4301622286438942e-05,6.817328929901123,0.005322156473994255
398,0.9319305419921875,1.2753298506140709e-05,6.755953788757324,0.6957300305366516
399,0.8397221565246582,1.2974487617611885e-05,6.72152042388916,-0.1168004497885704
400,0.9359359741210938,1.3672979548573494e-05,6.5188703536987305,0.07354272156953812
401,0.799870491027832,1.3364478945732117e-05,6.4194440841674805,-0.2188505232334137
402,0.803375244140625,1.3021053746342659e-05,6.671488285064697,-0.19955840706825256
403,0.7989883422851562,1.341104507446289e-05,6.5608320236206055,-0.14541316032409668
404,0.9146571159362793,1.3579847291111946e-05,6.547021865844727,0.6618703007698059
405,0.9000420570373535,1.2974487617611885e-05,6.470078468322754,0.3587177097797394
406,0.840449333190918,1.330627128481865e-05,6.630229949951172,0.23418636620044708
407,0.8047819137573242,1.3585668057203293e-05,6.697064399719238,0.16189241409301758
408,0.8052468299865723,1.3766111806035042e-05,6.533455848693848,0.16189241409301758
409,0.896906852722168,1.3568205758929253e-05,6.759524345397949,0.09043913334608078
410,0.8738040924072266,1.2974487617611885e-05,6.771886348724365,-0.039011307060718536
411,0.8832216262817383,1.4400575309991837e-05,6.439715385437012,0.33900970220565796
412,0.9188413619995117,1.2142118066549301e-05,6.733274459838867,0.33900970220565796
413,0.8033394813537598,8.865026757121086e-06,6.804466247558594,0.5795810222625732
414,0.8644580841064453,1.3317912817001343e-05,6.338334083557129,0.17334102094173431
415,0.7806062698364258,1.316075213253498e-05,6.623607635498047,0.17334102094173431
416,0.8554458618164062,1.2986129149794579e-05,6.670057773590088,0.2639099657535553
417,0.7966995239257812,1.2986129149794579e-05,6.600183486938477,0.2639099657535553
418,0.7820487022399902,1.3271346688270569e-05,6.521791458129883,-0.2435053139925003
419,0.8902311325073242,1.3457611203193665e-05,6.819766998291016,-0.00491673918440938
420,0.8580446243286133,1.3748649507761002e-05,6.551194190979004,0.2153392732143402
421,0.8926033973693848,1.2834789231419563e-05,6.788849830627441,0.043628573417663574
422,0.790250301361084,1.2799864634871483e-05,6.747984886169434,0.043628573417663574
423,0.8840203285217285,1.278822310268879e-05,6.540894508361816,-0.013612231239676476
424,0.806736946105957,1.4319084584712982e-05,6.5560760498046875,0.049823205918073654
425,0.8699774742126465,1.3434328138828278e-05,6.7739129066467285,-0.05977972224354744
426,0.8319497108459473,1.414446160197258e-05,6.767094135284424,-0.09601724147796631
427,0.8625030517578125,1.3533281162381172e-05,6.370729446411133,-0.09598298370838165
428,0.7870793342590332,1.3399403542280197e-05,6.506830215454102,0.15560433268547058
429,0.7989048957824707,1.4313263818621635e-05,6.590628623962402,-0.17881202697753906
430,0.8454084396362305,1.3702083379030228e-05,6.4972639083862305,0.18687309324741364
431,0.8908867835998535,1.3451790437102318e-05,6.854969024658203,0.11996684223413467
432,0.8025765419006348,1.2380769476294518e-05,6.334382057189941,-0.3263145089149475
433,0.938570499420166,1.364387571811676e-05,6.923234462738037,0.08068586885929108
434,0.7997870445251465,1.3009412214159966e-05,6.748223304748535,0.08068586885929108
435,0.9108662605285645,1.3364478945732117e-05,6.545466423034668,0.21848225593566895
436,0.8625507354736328,1.3195676729083061e-05,6.530642509460449,-0.1562231034040451
437,0.7984638214111328,1.1530937626957893e-05,6.447792053222656,-0.1562231034040451
438,0.8526206016540527,1.278822310268879e-05,6.511920928955078,-0.037026286125183105
439,0.8964180946350098,1.2491364032030106e-05,6.538748741149902,0.3787345588207245
440,0.821232795715332,1.2974487617611885e-05,6.412726402282715,0.20824375748634338
441,0.9088993072509766,1.100124791264534e-05,6.443893909454346,0.20824375748634338
442,0.8660435676574707,1.4557735994458199e-05,6.7843732833862305,0.044075239449739456
443,0.8213400840759277,1.4266697689890862e-05,6.667423248291016,0.044075239449739456
444,0.891268253326416,1.307344064116478e-05,6.771331787109375,0.3003785312175751
445,0.938570499420166,1.2497184798121452e-05,6.7910614013671875,0.3003785312175751
446,0.8277177810668945,1.3149110600352287e-05,6.495904922485352,0.46937060356140137
447,0.8552193641662598,1.3178214430809021e-05,6.645160675048828,0.47263336181640625
448,0.8873343467712402,1.3224780559539795e-05,6.842761993408203,0.2619391083717346
449,0.7901787757873535,1.4033867046236992e-05,6.368565559387207,0.8073179125785828
450,0.7897496223449707,1.414446160197258e-05,6.735539436340332,-0.14745216071605682
451,0.8364439010620117,1.3888347893953323e-05,6.6754937171936035,0.3155772387981415
452,0.8184075355529785,1.3568205758929253e-05,6.753498077392578,0.10018614679574966
453,0.879514217376709,1.3923272490501404e-05,6.518268585205078,-0.050049591809511185
454,0.8288145065307617,1.3265525922179222e-05,6.643176078796387,-0.050049591809511185
455,0.848996639251709,1.3777753338217735e-05,6.391406059265137,-0.08781986683607101
456,0.7743000984191895,1.3940734788775444e-05,6.390982627868652,-0.23298314213752747
457,0.8527755737304688,1.3952376320958138e-05,6.722146034240723,-0.08789782226085663
458,0.8464455604553223,1.3050157576799393e-05,6.562131881713867,-0.08789782226085663
459,0.9140849113464355,1.2462260201573372e-05,6.850856781005859,0.3504011332988739
460,0.928950309753418,1.3015232980251312e-05,6.416451930999756,0.06624193489551544
461,0.7773160934448242,1.3422686606645584e-05,6.3688459396362305,0.08360941708087921
462,0.8092045783996582,1.4062970876693726e-05,6.671243667602539,-0.18669180572032928
463,0.9019136428833008,1.3271346688270569e-05,6.935018539428711,0.11101217567920685
464,0.908350944519043,1.362641341984272e-05,6.8808794021606445,0.15577860176563263
465,0.8339643478393555,1.3207318261265755e-05,6.574058532714844,0.14926405251026154
466,0.8661270141601562,1.471489667892456e-05,6.617236137390137,-0.03233572468161583
467,0.928950309753418,1.4324905350804329e-05,6.53148889541626,-0.04793693870306015
468,0.9336948394775391,1.3009412214159966e-05,6.594389915466309,-0.04793693870306015
469,0.784909725189209,1.1391239240765572e-05,6.389415264129639,-0.21922528743743896
470,0.922691822052002,1.3364478945732117e-05,6.657373905181885,0.27515047788619995
471,0.7822394371032715,1.4482066035270691e-05,6.619751453399658,0.27515047788619995
472,0.9001612663269043,1.3364478945732117e-05,6.628519058227539,0.39886102080345154
473,0.8128046989440918,1.2479722499847412e-05,6.544989585876465,0.1463746875524521
474,0.8408665657043457,1.2962846085429192e-05,6.38500452041626,-0.2452293336391449
475,0.7743000984191895,1.367880031466484e-05,6.505161285400391,0.09219052642583847
476,0.8654356002807617,1.3987300917506218e-05,6.492984294891357,0.09219052642583847
477,0.8851289749145508,1.3987300917506218e-05,6.756198406219482,0.1758458912372589
478,0.8426308631896973,1.332373358309269e-05,6.706518173217773,0.13205203413963318
479,0.8423566818237305,1.3870885595679283e-05,6.794834136962891,0.40404972434043884
480,0.8621931076049805,1.1798692867159843e-05,6.451993942260742,0.2089390754699707
481,0.9332656860351562,1.4010583981871605e-05,6.631660461425781,-0.026989081874489784
482,0.8132576942443848,1.4028046280145645e-05,6.4522504806518555,-0.026989081874489784
483,0.7954716682434082,1.4598481357097626e-05,6.776905059814453,0.02611987665295601
484,0.851750373840332,1.414446160197258e-05,6.71824836730957,0.23214833438396454
485,0.8899688720703125,1.3364478945732117e-05,6.789553165435791,0.03127651661634445
486,0.82550048828125,1.3224780559539795e-05,6.406223773956299,0.03127651661634445
487,0.8559107780456543,1.3236422091722488e-05,6.748592853546143,0.4437543749809265
488,0.8039116859436035,1.280568540096283e-05,6.528496742248535,-0.2627496123313904
489,0.9199619293212891,1.3282988220453262e-05,6.585526466369629,0.11468072980642319
490,0.9304404258728027,1.1717202141880989e-05,6.820082664489746,0.4296550750732422
491,0.7737398147583008,1.4080433174967766e-05,6.3571929931640625,0.4296550750732422
492,0.789940357208252,1.30385160446167e-05,6.63430118560791,0.20567409694194794
493,0.8501768112182617,1.392909325659275e-05,6.389003753662109,-0.0669790506362915
494,0.9224295616149902,1.1560041457414627e-05,6.874716281890869,0.02945127710700035
495,0.858604907989502,1.3189855962991714e-05,6.4826250076293945,0.11517121642827988
496,0.77972412109375,1.3597309589385986e-05,6.448930740356445,0.07670051604509354
497,0.7927656173706055,1.3120006769895554e-05,6.447470188140869,0.07670051604509354
498,0.909733772277832,1.2421514838933945e-05,6.87236213684082,0.02135031297802925
499,0.8496403694152832,1.3364478945732117e-05,6.573379039764404,-0.1203618273139
